{
  "project_info": {
    "project_number": "325190770628",
    "project_id": "kitchen-a6629",
    "storage_bucket": "kitchen-a6629.appspot.com"
  },
  "client": [
    {
      "client_info": {
        "mobilesdk_app_id": "1:325190770628:android:f6b1771117230b48d14e91",
        "android_client_info": {
          "package_name": "com.example.resepmenumakanan"
        }
      },
      "oauth_client": [
        {
          "client_id": "325190770628-uv74rtk3lnqm782kdkd46uma463t5ird.apps.googleusercontent.com",
          "client_type": 3
        }
      ],
      "api_key": [
        {
          "current_key": "AIzaSyDj0Q7HBl-JdYY5QHja3oq40oceiyJnhnU"
        }
      ],
      "services": {
        "appinvite_service": {
          "other_platform_oauth_client": [
            {
              "client_id": "325190770628-uv74rtk3lnqm782kdkd46uma463t5ird.apps.googleusercontent.com",
              "client_type": 3
            }
          ]
        }
      }
    }
  ],
  "configuration_version": "1"
}